time,latitude,longitude,depth,mag,magType,nst,gap,dmin,rms,net,id,updated,place,type,horizontalError,depthError,magError,magNst,status,locationSource,magSource
2024-06-13T15:56:33.950Z,19.39183426,-155.2765045,0.579999983,3.27,ml,14,76,0.004433,0.119999997,hv,hv74275621,2024-06-13T16:00:23.604Z,"7 km SW of Volcano, Hawaii",earthquake,0.19,0.219999999,0.45,45,automatic,hv,hv
2024-06-13T15:47:15.310Z,38.78733444,-122.7470016,1.100000024,1.35,md,19,83,0.009014,0.03,nc,nc75021847,2024-06-13T15:48:52.031Z,"1 km NE of The Geysers, CA",earthquake,0.22,0.439999998,0.18,19,automatic,nc,nc
2024-06-13T15:47:14.008Z,31.676,-104.2,4.4219,2.4,ml,21,106,0.1,0.2,tx,tx2024lovt,2024-06-13T15:57:16.932Z,"55 km NW of Toyah, Texas",earthquake,0,1.529493609,0.2,14,automatic,tx,tx
2024-06-13T15:43:46.230Z,33.2703333,-116.4206667,3.54,1.58,ml,19,173,0.003627,0.11,ci,ci40797256,2024-06-13T15:51:58.349Z,"4 km WNW of Borrego Springs, CA",earthquake,0.43,0.46,0.131,25,automatic,ci,ci
2024-06-13T15:43:46.170Z,33.2628326,-116.430336,4,1.62,ml,49,38,0.01227,0.21,ci,ci40797264,2024-06-13T15:54:57.530Z,"5 km W of Borrego Springs, CA",earthquake,0.26,0.57,0.33,25,automatic,ci,ci
2024-06-13T15:35:15.899Z,-7.529,127.6885,158.187,4.8,mb,61,45,3.712,0.81,us,us7000ms5e,2024-06-13T15:49:51.040Z,"133 km NE of Lospalos, Timor Leste",earthquake,3.5,6.866,0.053,111,reviewed,us,us
2024-06-13T15:25:05.438Z,63.214,-151.5526,35.6,3.3,ml,,,,0.91,ak,ak0247l4r4lf,2024-06-13T15:42:43.040Z,"37 km SSE of Denali National Park, Alaska",earthquake,,15.8,,,automatic,ak,ak
2024-06-13T15:06:47.790Z,38.80483246,-122.8170013,2.769999981,1.08,md,24,60,0.01033,0.04,nc,nc75021832,2024-06-13T15:08:21.805Z,"6 km NW of The Geysers, CA",earthquake,0.25,0.430000007,0.15,24,automatic,nc,nc
2024-06-13T15:04:37.520Z,61.2035,-147.0103,0,1.7,ml,,,,0.8,ak,ak0247l4mpbc,2024-06-13T15:06:40.179Z,"36 km WNW of Valdez, Alaska",earthquake,,0.5,,,automatic,ak,ak
2024-06-13T14:57:41.860Z,33.4778333,-116.5538333,8.21,0.57,ml,13,205,0.04378,0.14,ci,ci40797176,2024-06-13T15:48:00.146Z,"14 km SE of Anza, CA",earthquake,0.4,0.47,0.051,6,reviewed,ci,ci
2024-06-13T14:29:22.215Z,63.0827,-151.3632,0,1.2,ml,,,,0.65,ak,ak0247l46lfh,2024-06-13T14:31:45.192Z,"54 km SSE of Denali National Park, Alaska",earthquake,,0.4,,,automatic,ak,ak
2024-06-13T14:04:57.903Z,52.7655,-175.6008,235.401,4.6,mb,79,80,0.728,0.81,us,us7000ms55,2024-06-13T15:56:49.997Z,"114 km WNW of Atka, Alaska",earthquake,9.27,7.184,0.032,291,reviewed,us,us
2024-06-13T14:03:19.270Z,38.83466721,-122.7893295,1.799999952,0.7,md,10,64,0.003819,0.01,nc,nc75021812,2024-06-13T14:04:56.991Z,"6 km WNW of Cobb, CA",earthquake,0.35,0.519999981,0.14,11,automatic,nc,nc
2024-06-13T14:02:08.730Z,38.79600143,-122.7783356,3.380000114,1.49,md,27,75,0.008001,0.03,nc,nc75021807,2024-06-13T14:06:00.360Z,"3 km NNW of The Geysers, CA",earthquake,0.28,0.400000006,0.17,29,automatic,nc,nc
2024-06-13T13:59:20.570Z,38.80966568,-122.8181686,1.860000014,0.8,md,14,69,0.0151,0.03,nc,nc75021802,2024-06-13T14:00:57.141Z,"6 km NW of The Geysers, CA",earthquake,0.3,0.5,0.13,16,automatic,nc,nc
2024-06-13T13:58:14.230Z,38.8370018,-122.8481674,11.85999966,0.94,md,9,228,0.01164,0.04,nc,nc75021797,2024-06-13T13:59:51.958Z,"10 km NW of The Geysers, CA",earthquake,2.37,2.8499999,0.24,9,automatic,nc,nc
2024-06-13T13:56:51.153Z,59.63,-152.3365,80.2,1.6,ml,,,,0.4,ak,ak0247l3r0e3,2024-06-13T13:58:41.574Z,"32 km WSW of Anchor Point, Alaska",earthquake,,0.4,,,automatic,ak,ak
2024-06-13T13:55:33.759Z,37.0847,-116.2753,16,1.1,ml,10,77.31,0.134,0.2334,nn,nn00879151,2024-06-13T13:57:42.132Z,"47 km ENE of Beatty, Nevada",earthquake,,8.6,0.41,5,automatic,nn,nn
2024-06-13T13:49:11.376Z,57.7949,-155.6206,86.4,5,mb,,,,0.47,ak,ak0247l3pf99,2024-06-13T15:59:17.922Z,"73 km WNW of Karluk, Alaska",earthquake,,0.2,,,reviewed,ak,ak
2024-06-13T13:47:44.830Z,35.7035,-117.511,6.67,0.62,ml,15,142,0.08073,0.13,ci,ci40797064,2024-06-13T16:02:54.736Z,"12 km SW of Searles Valley, CA",earthquake,0.38,0.8,0.07,2,reviewed,ci,ci
2024-06-13T13:47:09.190Z,33.7585,-115.9193333,3.45,0.85,ml,28,70,0.09005,0.12,ci,ci40797056,2024-06-13T15:58:50.415Z,"24 km ENE of Thermal, CA",earthquake,0.16,0.7,0.118,11,reviewed,ci,ci
2024-06-13T13:44:34.061Z,61.0088,-152.2157,125.9,1,ml,,,,0.13,ak,ak0247l3oeha,2024-06-13T13:45:43.719Z,"58 km W of Tyonek, Alaska",earthquake,,4.2,,,automatic,ak,ak
2024-06-13T13:21:08.500Z,38.82550049,-122.7975006,2.640000105,0.72,md,15,57,0.01004,0.03,nc,nc75021787,2024-06-13T13:22:47.058Z,"6 km NNW of The Geysers, CA",earthquake,0.29,0.589999974,0.06,15,automatic,nc,nc
2024-06-13T13:16:55.290Z,38.83750153,-122.7988358,1.690000057,1.06,md,13,69,0.0166,0.03,nc,nc75021782,2024-06-13T13:18:31.816Z,"7 km WNW of Cobb, CA",earthquake,0.26,0.699999988,0.27,14,automatic,nc,nc
2024-06-13T12:53:51.960Z,32.8805,-115.4865,10.28,1.82,ml,31,70,0.04638,0.23,ci,ci40797016,2024-06-13T15:41:54.566Z,"9 km ENE of Imperial, CA",earthquake,0.36,0.62,0.27,28,reviewed,ci,ci
2024-06-13T12:31:16.604Z,63.2363,-151.5812,1.3,1.2,ml,,,,0.95,ak,ak0247l3057w,2024-06-13T12:34:00.596Z,"34 km SSE of Denali National Park, Alaska",earthquake,,0.5,,,automatic,ak,ak
2024-06-13T12:26:48.190Z,38.81916809,-122.8026657,1.120000005,1.04,md,20,35,0.007163,0.02,nc,nc75021772,2024-06-13T12:28:27.852Z,"6 km NNW of The Geysers, CA",earthquake,0.19,0.400000006,0.27,20,automatic,nc,nc
2024-06-13T12:23:17.230Z,35.90166667,-98.3835,6.09,1.83,ml,92,31,0.046790818,0.37,ok,ok2024lopa,2024-06-13T12:38:35.450Z,"6 km NNE of Watonga, Oklahoma",earthquake,,0.6,0.19,38,reviewed,ok,ok
2024-06-13T12:19:51.262Z,62.5465,-151.3034,71.1,1.1,ml,,,,0.82,ak,ak0247l2xnbe,2024-06-13T12:22:22.590Z,"28 km W of Petersville, Alaska",earthquake,,0.7,,,automatic,ak,ak
2024-06-13T12:19:16.150Z,38.495,-112.8965,3.32,0.7,md,12,117,0.01015,0.08,uu,uu80073491,2024-06-13T13:17:12.310Z,"14 km NE of Milford, Utah",earthquake,0.31,0.44,0.349686694,5,reviewed,uu,uu
2024-06-13T12:15:36.390Z,38.82316589,-122.8529968,2.099999905,0.33,md,8,153,0.01403,0.01,nc,nc75021767,2024-06-13T12:17:12.439Z,"10 km NW of The Geysers, CA",earthquake,0.62,1.40999997,0.21,10,automatic,nc,nc
2024-06-13T12:01:08.595Z,61.2541,-146.4649,50.3,1.6,ml,,,,1.56,ak,ak0247l2tp4b,2024-06-13T12:03:08.837Z,"15 km NNW of Valdez, Alaska",earthquake,,2,,,automatic,ak,ak
2024-06-13T11:59:54.780Z,35.6546667,-117.452,4.88,0.97,ml,20,75,0.02528,0.1,ci,ci40797000,2024-06-13T15:33:32.333Z,"13 km SSW of Searles Valley, CA",earthquake,0.17,0.28,0.161,4,reviewed,ci,ci
2024-06-13T11:53:17.030Z,19.38533401,-155.239502,2.049999952,1.76,ml,19,73,0.01115,0.200000003,hv,hv74275406,2024-06-13T11:55:55.680Z,"6 km S of Volcano, Hawaii",earthquake,0.28,0.219999999,0.2,9,automatic,hv,hv
2024-06-13T11:49:06.750Z,58.5745,-153.638,32.6,1.3,ml,,,,0.23,ak,ak0247l2ijqr,2024-06-13T11:50:47.335Z,"71 km NW of Aleneva, Alaska",earthquake,,2.7,,,automatic,ak,ak
2024-06-13T11:48:10.386Z,37.3612,-117.8804,4,1.7,ml,22,150.87,0.073,0.1847,nn,nn00879139,2024-06-13T11:50:53.684Z,"37 km SSE of Dyer, Nevada",earthquake,,0.7,0.22,15,automatic,nn,nn
2024-06-13T11:43:10.394Z,60.2864,-152.5534,86.8,1.2,ml,,,,0.59,ak,ak0247l2h9q7,2024-06-13T11:45:18.062Z,"55 km WNW of Ninilchik, Alaska",earthquake,,0.8,,,automatic,ak,ak
2024-06-13T11:43:08.030Z,45.1805,-122.7478333,19.85,1.79,ml,28,53,0.04711,0.15,uw,uw62006712,2024-06-13T13:07:45.880Z,"4 km E of Hubbard, Oregon",earthquake,0.28,0.57,0.19857605092434083,33,reviewed,uw,uw
2024-06-13T11:38:10.083Z,28.4735,52.9379,10,4.6,mb,70,69,4.569,0.81,us,us7000ms44,2024-06-13T11:57:16.040Z,"54 km SE of Fīrūzābād, Iran",earthquake,8.42,1.882,0.056,96,reviewed,us,us
2024-06-13T11:25:56.406Z,62.3628,-151.5499,10.3,1.3,ml,,,,0.54,ak,ak0247l2die0,2024-06-13T11:28:01.672Z,"42 km N of Skwentna, Alaska",earthquake,,0.2,,,automatic,ak,ak
2024-06-13T11:19:49.374Z,63.0952,-151.4915,0,1.6,ml,,,,1.04,ak,ak0247l2c7jt,2024-06-13T11:22:21.301Z,"51 km SSE of Denali National Park, Alaska",earthquake,,0.3,,,automatic,ak,ak
2024-06-13T11:12:22.619Z,31.709,-101.699,8.1299,2.7,ml,23,71,0.1,0.1,tx,tx2024loms,2024-06-13T15:13:14.658Z,"26 km SW of Garden City, Texas",earthquake,0.9891406476358519,1.146664342,0.1,14,reviewed,tx,tx
2024-06-13T11:07:37.790Z,38.82799911,-122.8538361,3,0.76,md,8,102,0.01664,0.02,nc,nc75021752,2024-06-13T11:09:11.842Z,"10 km NW of The Geysers, CA",earthquake,0.53,1.60000002,0.23,10,automatic,nc,nc
2024-06-13T11:01:00.770Z,38.82749939,-122.8554993,2.50999999,1.51,md,27,73,0.01615,0.02,nc,nc75021747,2024-06-13T11:02:36.974Z,"10 km NW of The Geysers, CA",earthquake,0.23,0.400000006,0.15,28,automatic,nc,nc
2024-06-13T11:00:41.960Z,38.79933167,-122.753334,4.420000076,0.76,md,10,96,0.005148,0.02,nc,nc75021742,2024-06-13T11:02:16.657Z,"2 km NNE of The Geysers, CA",earthquake,0.45,1.60000002,0.32,11,automatic,nc,nc
2024-06-13T10:57:16.990Z,47.607,-121.8133333,16.31,1.26,ml,30,100,0.09871,0.11,uw,uw62006707,2024-06-13T13:10:58.290Z,"7 km NE of Fall City, Washington",earthquake,0.3,0.26,0.20921111117870395,17,reviewed,uw,uw
2024-06-13T10:46:25.039Z,63.0957,-151.344,0,1.4,ml,,,,0.71,ak,ak0247l1wief,2024-06-13T10:48:22.809Z,"53 km SSE of Denali National Park, Alaska",earthquake,,0.4,,,automatic,ak,ak
2024-06-13T10:27:34.924Z,61.8511,-146.6057,23.8,1.4,ml,,,,0.76,ak,ak0247l1sgk4,2024-06-13T10:30:21.507Z,"17 km SSE of Nelchina, Alaska",earthquake,,0.2,,,automatic,ak,ak
2024-06-13T10:23:07.639Z,12.6133,144.2362,29.917,5.1,mb,76,39,1.149,1.08,us,us7000ms3s,2024-06-13T15:44:52.476Z,"86 km SSW of Merizo Village, Guam",earthquake,9.17,5.198,0.04,203,reviewed,us,us
2024-06-13T10:19:26.734Z,59.9206,-140.8213,0,1.7,ml,,,,0.57,ak,ak0247l1qq75,2024-06-13T10:21:49.528Z,"74 km WNW of Yakutat, Alaska",earthquake,,0.3,,,automatic,ak,ak
2024-06-13T10:06:45.295Z,60.4306,-152.1154,57.5,1.2,ml,,,,0.78,ak,ak0247l1nzbl,2024-06-13T10:09:25.485Z,"45 km W of Cohoe, Alaska",earthquake,,2.3,,,automatic,ak,ak
2024-06-13T09:48:59.841Z,66.5868,-150.7921,4.5,2.7,ml,,,,0.84,ak,ak0247l1bkwu,2024-06-13T11:01:37.040Z,"48 km SE of Bettles, Alaska",earthquake,,0.4,,,automatic,ak,ak
2024-06-13T09:35:29.025Z,62.6115,-148.3353,51.3,1.1,ml,,,,0.42,ak,ak0247l18q86,2024-06-13T09:37:31.826Z,"91 km N of Chickaloon, Alaska",earthquake,,0.7,,,automatic,ak,ak
2024-06-13T09:25:26.900Z,17.942,-66.95083333,9.75,2.48,md,11,219,0.05015,0.11,pr,pr71452473,2024-06-13T10:16:57.250Z,"5 km SW of Guánica, Puerto Rico",earthquake,0.49,0.49,0.074003204,5,reviewed,pr,pr
2024-06-13T09:19:23.350Z,36.117,-117.9886667,4.53,0.87,ml,21,80,0.1083,0.16,ci,ci40796840,2024-06-13T15:30:12.483Z,"9 km NNW of Coso Junction, CA",earthquake,0.25,1.51,0.15,10,reviewed,ci,ci
2024-06-13T09:16:55.100Z,19.19516754,-155.425827,33.47000122,2.32,ml,30,155,0.05235,0.209999993,hv,hv74275266,2024-06-13T09:19:32.990Z,"5 km E of Pāhala, Hawaii",earthquake,1.78,1.15999997,0.33,3,automatic,hv,hv
2024-06-13T09:09:49.580Z,35.0295,-119.1065,16.67,1.52,ml,45,35,0.03449,0.21,ci,ci40796832,2024-06-13T15:25:40.440Z,"19 km WNW of Grapevine, CA",earthquake,0.22,0.64,0.213,37,reviewed,ci,ci
2024-06-13T09:06:20.640Z,38.80566788,-122.8206635,2.380000114,1.12,md,22,68,0.00738,0.03,nc,nc75021727,2024-06-13T09:07:56.104Z,"6 km NW of The Geysers, CA",earthquake,0.22,0.389999986,0.14,24,automatic,nc,nc
2024-06-13T08:56:11.450Z,38.85699844,-123.0124969,5.260000229,2.82,md,55,54,0.05301,0.08,nc,nc75021717,2024-06-13T15:22:40.206Z,"6 km NNE of Cloverdale, CA",earthquake,0.2,0.560000002,0.15,74,automatic,nc,nc
2024-06-13T08:47:01.240Z,39.7406,-118.0139,0,1.4,ml,8,201.53,0.081,0.1245,nn,nn00879138,2024-06-13T08:49:49.605Z,"62 km SE of Lovelock, Nevada",earthquake,,5.7,0.31,2,automatic,nn,nn
2024-06-13T08:44:56.100Z,19.16966629,-155.4869995,30.12999916,2.15,ml,56,95,0.02747,0.129999995,hv,hv74275236,2024-06-13T08:47:35.140Z,"3 km SSW of Pāhala, Hawaii",earthquake,0.34,0.49000001,0.53,10,automatic,hv,hv
2024-06-13T08:44:03.176Z,60.2085,-153.0608,126.1,1.9,ml,,,,0.4,ak,ak0247l0p61w,2024-06-13T11:14:20.040Z,"69 km E of Port Alsworth, Alaska",earthquake,,0.5,,,automatic,ak,ak
2024-06-13T08:31:19.677Z,40.1142,-119.833,7.2,1.3,ml,9,175.37,0.095,0.3067,nn,nn00879137,2024-06-13T08:33:39.725Z,"25 km ENE of Doyle, California",earthquake,,2.9,0.39,4,automatic,nn,nn
2024-06-13T08:23:42.810Z,33.3061667,-116.2531667,4.61,1.09,ml,65,23,0.07331,0.21,ci,ci40796672,2024-06-13T13:32:49.680Z,"13 km ENE of Borrego Springs, CA",earthquake,0.17,0.51,0.142,27,reviewed,ci,ci
2024-06-13T08:05:17.165Z,64.9208,-148.9577,13.9,1.2,ml,,,,0.41,ak,ak0247l0gu84,2024-06-13T08:07:12.107Z,"31 km SE of Minto, Alaska",earthquake,,0.2,,,automatic,ak,ak
2024-06-13T07:56:37.348Z,62.7436,-148.8847,9.8,1.1,ml,,,,0.47,ak,ak0247l06dp2,2024-06-13T07:58:47.143Z,"70 km ENE of Chase, Alaska",earthquake,,0.2,,,automatic,ak,ak
2024-06-13T07:49:39.250Z,60.253,-149.771,37.2,1.8,ml,,,,0.34,ak,ak0247l04vtx,2024-06-13T07:51:28.583Z,"23 km WNW of Bear Creek, Alaska",earthquake,,0.6,,,automatic,ak,ak
2024-06-13T07:49:34.631Z,63.0785,-150.9608,135.2,1.4,ml,,,,0.21,ak,ak0247l04ve3,2024-06-13T07:52:35.432Z,"64 km SE of Denali National Park, Alaska",earthquake,,1.4,,,automatic,ak,ak
2024-06-13T07:40:37.833Z,49.5568,153.4488,192.677,4.5,mb,72,134,4.443,0.5,us,us7000ms38,2024-06-13T07:54:27.040Z,"228 km SW of Severo-Kuril’sk, Russia",earthquake,11.41,8.365,0.04,182,reviewed,us,us
2024-06-13T07:38:40.300Z,35.6846667,-117.5316667,9.26,0.84,ml,18,106,0.09004,0.11,ci,ci40796512,2024-06-13T15:16:30.579Z,"15 km SW of Searles Valley, CA",earthquake,0.31,0.64,0.04,4,reviewed,ci,ci
2024-06-13T07:17:54.870Z,34.15283333,-84.03233333,8.86,2.22,md,13,105,0.2892,0.18,se,se60502068,2024-06-13T15:18:54.676Z,"4 km NW of Buford, Georgia",earthquake,0.77,2.61,0.037518738,10,reviewed,se,se
2024-06-13T07:17:12.196Z,63.5681,-150.6841,0,1.8,ml,,,,0.85,ak,ak0247kzxytv,2024-06-13T07:19:28.521Z,"51 km E of Denali National Park, Alaska",earthquake,,0.3,,,automatic,ak,ak
2024-06-13T07:08:35.840Z,38.777668,-122.7279968,1.519999981,1.34,md,22,74,0.008801,0.05,nc,nc75021697,2024-06-13T07:10:11.194Z,"2 km E of The Geysers, CA",earthquake,0.27,0.419999987,0.15,23,automatic,nc,nc
2024-06-13T07:06:40.810Z,38.79833221,-122.8041687,2.839999914,0.74,md,8,125,0.01003,0.02,nc,nc75021692,2024-06-13T07:08:15.787Z,"5 km NW of The Geysers, CA",earthquake,0.81,2.29999995,0.42,9,automatic,nc,nc
2024-06-13T07:05:45.447Z,63.1193,-151.447,6.1,2.7,ml,,,,0.42,ak,ak0247kzvgsw,2024-06-13T07:15:10.040Z,"48 km SSE of Denali National Park, Alaska",earthquake,,0.3,,,automatic,ak,ak
2024-06-13T07:01:36.450Z,19.18149948,-155.4720001,33.56000137,1.94000006,md,27,207,0.07125,0.129999995,hv,hv74275106,2024-06-13T07:03:21.670Z,"2 km SSE of Pāhala, Hawaii",earthquake,1.34,0.889999986,0.079999998,4,automatic,hv,hv
2024-06-13T07:01:25.110Z,57.0747,-154.9986,40.9,1.7,ml,,,,0.2,ak,ak0247kzukdb,2024-06-13T07:03:35.853Z,"52 km WNW of Akhiok, Alaska",earthquake,,8.3,,,automatic,ak,ak
2024-06-13T06:55:09.690Z,61.654,-147.5758,31.1,2.1,ml,,,,0.58,ak,ak0247kzko8p,2024-06-13T06:56:49.887Z,"17 km SSE of Glacier View, Alaska",earthquake,,0.1,,,automatic,ak,ak
2024-06-13T06:50:11.350Z,47.7345,-113.7693333,8.49,1.23,ml,12,172,0.208,0.06,mb,mb90054583,2024-06-13T13:42:30.610Z,"22 km E of Finley Point, Montana",earthquake,0.47,1.34,0.351474831,5,reviewed,mb,mb
2024-06-13T06:41:44.140Z,38.84083176,-122.8213348,1.929999948,0.64,md,8,94,0.01128,0.01,nc,nc75021682,2024-06-13T06:43:19.846Z,"9 km WNW of Cobb, CA",earthquake,0.68,2.00999999,0.45,7,automatic,nc,nc
2024-06-13T06:28:19.900Z,63.1202,-151.4337,4.6,3.4,ml,,,,0.94,ak,ak0247kzewoq,2024-06-13T07:44:01.084Z,"49 km SSE of Denali National Park, Alaska",earthquake,,0.2,,,reviewed,ak,ak
2024-06-13T06:19:06.700Z,33.5313333,-116.4446667,7.25,0.27,ml,12,62,0.01771,0.1,ci,ci40796192,2024-06-13T15:13:09.825Z,"19 km SW of La Quinta, CA",earthquake,0.3,0.54,0.058,5,reviewed,ci,ci
2024-06-13T06:00:07.170Z,65.6513,-144.9742,13.2,2,ml,,,,0.64,ak,ak0247kz8vnx,2024-06-13T06:01:47.244Z,"11 km NW of Central, Alaska",earthquake,,0.3,,,automatic,ak,ak
2024-06-13T05:46:16.261Z,62.3816,-151.0477,8.3,1.3,ml,,,,0.88,ak,ak0247kyxbou,2024-06-13T05:48:57.106Z,"19 km SW of Petersville, Alaska",earthquake,,0.5,,,automatic,ak,ak
2024-06-13T05:39:40.880Z,19.47933388,-155.2283325,18.11000061,1.75,md,9,327,0.07146,0.209999993,hv,hv74275051,2024-06-13T05:41:08.700Z,"4 km N of Volcano, Hawaii",earthquake,13.25,15.8299999,0.330000013,7,automatic,hv,hv
2024-06-13T05:33:02.661Z,61.6856,-149.5346,36.3,0.8,ml,,,,0.37,ak,ak0247kyuica,2024-06-13T05:34:34.214Z,"7 km NNE of Meadow Lakes, Alaska",earthquake,,0.6,,,automatic,ak,ak
2024-06-13T05:30:07.261Z,55.485,162.715,49.112,4.9,mww,117,94,3.43,0.9,us,us7000ms2s,2024-06-13T05:47:20.040Z,"84 km S of Ust’-Kamchatsk Staryy, Russia",earthquake,8.4,6.369,0.093,11,reviewed,us,us
2024-06-13T05:14:59.830Z,18.24633333,-66.4135,39.43,2.05,md,13,68,0.08661,0.13,pr,pr71452463,2024-06-13T05:36:37.150Z,"3 km NW of Orocovis, Puerto Rico",earthquake,0.49,0.69,0.157886619,5,reviewed,pr,pr
2024-06-13T04:58:13.060Z,40.24283218,-121.1500015,-0.49000001,2.47,md,17,83,0.2357,0.23,nc,nc75021667,2024-06-13T15:36:12.330Z,"4 km NE of Almanor, CA",earthquake,0.56,15.3599997,0.04,11,automatic,nc,nc
2024-06-13T04:57:16.660Z,37.46933365,-118.836998,1.5,1.25,md,8,220,0.1206,0.02,nc,nc75021662,2024-06-13T04:58:54.925Z,"17 km WSW of Toms Place, CA",earthquake,1.86,3.6099999,0.08,6,automatic,nc,nc
2024-06-13T04:46:39.290Z,38.79216766,-122.7818298,3.480000019,0.45,md,8,108,0.004864,0.01,nc,nc75021657,2024-06-13T04:48:15.800Z,"3 km NW of The Geysers, CA",earthquake,0.47,1.38,0.18,8,automatic,nc,nc
2024-06-13T04:42:55.250Z,19.2215004,-155.4748383,33.40999985,2.26999998,md,38,105,0.03515,0.159999996,hv,hv74274981,2024-06-13T04:44:44.190Z,"2 km N of Pāhala, Hawaii",earthquake,0.54,0.779999971,0.25,8,automatic,hv,hv
2024-06-13T04:40:52.200Z,61.4104,-152.3158,4.3,0.7,ml,,,,0.75,ak,ak0247kyaokj,2024-06-13T04:43:50.799Z,"72 km WNW of Beluga, Alaska",earthquake,,0.3,,,automatic,ak,ak
2024-06-13T04:38:50.141Z,61.4259,-152.3439,1.1,2,ml,,,,0.8,ak,ak0247kya8za,2024-06-13T04:40:48.175Z,"74 km WNW of Beluga, Alaska",earthquake,,0.2,,,automatic,ak,ak
2024-06-13T04:37:58.250Z,38.79050064,-122.7263336,1.389999986,1.3,md,20,91,0.01089,0.03,nc,nc75021647,2024-06-13T04:39:34.861Z,"3 km ENE of The Geysers, CA",earthquake,0.25,0.529999971,0.21,20,automatic,nc,nc
2024-06-13T04:34:03.700Z,38.82416534,-122.765831,1.980000019,1.07,md,19,121,0.007058,0.03,nc,nc75021642,2024-06-13T04:35:39.794Z,"4 km WNW of Cobb, CA",earthquake,0.25,0.409999996,0.13,19,automatic,nc,nc
2024-06-13T04:31:38.730Z,38.7871666,-122.7701645,1.039999962,1.36,md,22,81,0.01512,0.03,nc,nc75021637,2024-06-13T04:33:14.888Z,"2 km NW of The Geysers, CA",earthquake,0.24,0.330000013,0.16,24,automatic,nc,nc
2024-06-13T04:31:18.730Z,34.0356667,-116.8201667,13.28,0.44,ml,27,104,0.0103,0.1,ci,ci40795880,2024-06-13T15:08:34.085Z,"13 km NNE of Banning, CA",earthquake,0.19,0.37,0.062,5,reviewed,ci,ci
2024-06-13T04:23:35.370Z,38.81800079,-122.8246689,2.210000038,1.07,md,25,63,0.009571,0.02,nc,nc75021627,2024-06-13T04:25:10.920Z,"7 km NW of The Geysers, CA",earthquake,0.19,0.400000006,0.11,25,automatic,nc,nc
2024-06-13T04:20:44.004Z,66.0102,-148.044,16.2,1.1,ml,,,,0.65,ak,ak0247ky6dm8,2024-06-13T04:22:45.278Z,"47 km E of Stevens Village, Alaska",earthquake,,0.2,,,automatic,ak,ak
2024-06-13T04:19:32.620Z,38.82833481,-122.7963333,3.00999999,0.27,md,7,121,0.01181,0.01,nc,nc75021622,2024-06-13T04:21:10.555Z,"6 km WNW of Cobb, CA",earthquake,0.54,1.47000003,0.07,8,automatic,nc,nc
2024-06-13T04:19:20.484Z,-24.2194,179.9965,512.568,4.5,mb,33,81,5.338,0.75,us,us7000ms2i,2024-06-13T04:41:29.040Z,south of the Fiji Islands,earthquake,13.96,8.478,0.106,26,reviewed,us,us
2024-06-13T04:17:05.250Z,38.8176651,-122.8243332,2.319999933,1.08,md,17,64,0.009565,0.02,nc,nc75021617,2024-06-13T04:18:40.750Z,"7 km NW of The Geysers, CA",earthquake,0.25,0.460000008,0.13,21,automatic,nc,nc
2024-06-13T04:13:26.379Z,-18.91,-172.7208,10,5,mb,34,100,2.648,1.64,us,us7000ms2f,2024-06-13T04:33:25.040Z,"136 km ESE of Neiafu, Tonga",earthquake,6.37,1.913,0.12,22,reviewed,us,us
2024-06-13T04:09:31.420Z,33.5841667,-116.8098333,8.19,0.51,ml,38,36,0.03934,0.14,ci,ci40795872,2024-06-13T14:55:10.233Z,"13 km WNW of Anza, CA",earthquake,0.16,0.37,0.157,17,reviewed,ci,ci
2024-06-13T04:08:34.218Z,57.9702,-155.4038,99.2,1.6,ml,,,,0.23,ak,ak0247ky3s9p,2024-06-13T04:10:34.705Z,"72 km NW of Karluk, Alaska",earthquake,,0.8,,,automatic,ak,ak
2024-06-13T03:56:50.630Z,57.8899,-153.5538,45.8,2,ml,,,,0.35,ak,ak0247kxsoav,2024-06-13T03:58:42.696Z,"39 km W of Port Lions, Alaska",earthquake,,2.1,,,automatic,ak,ak
2024-06-13T03:50:04.869Z,36.7202,-116.1436,1.4,-0.4,ml,9,279.62,0.012,0.0355,nn,nn00879144,2024-06-13T12:42:11.225Z,"45 km WNW of Indian Springs, Nevada",earthquake,,2.3,0,1,reviewed,nn,nn
2024-06-13T03:46:19.102Z,36.6919,-116.0533,3.7,-0.5,ml,10,307.60999999999996,0.037,0.024,nn,nn00879143,2024-06-13T12:36:02.542Z,"36 km WNW of Indian Springs, Nevada",earthquake,,6.7,0,1,reviewed,nn,nn
2024-06-13T03:44:29.530Z,58.8973,-154.5752,115.8,1.5,ml,,,,0.56,ak,ak0247kxq0sr,2024-06-13T03:46:55.851Z,"61 km S of Kokhanok, Alaska",earthquake,,1,,,automatic,ak,ak
2024-06-13T03:34:54.469Z,27.1548,140.2535,427.016,4,mb,37,95,1.722,0.68,us,us7000ms29,2024-06-13T04:01:56.040Z,"Bonin Islands, Japan region",earthquake,11.23,9.87,0.116,20,reviewed,us,us
2024-06-13T03:34:03.190Z,38.74850082,-122.737999,0.560000002,0.79,md,7,145,0.01663,0.01,nc,nc75021607,2024-06-13T03:35:40.148Z,"4 km SSE of The Geysers, CA",earthquake,0.31,0.74000001,0.41,6,automatic,nc,nc
2024-06-13T03:31:53.037Z,44.3305,149.1329,50.496,4.2,mb,36,199,4.705,0.58,us,us7000ms27,2024-06-13T04:14:55.040Z,"140 km SE of Kuril’sk, Russia",earthquake,14.14,9.253,0.11,23,reviewed,us,us
2024-06-13T03:29:17.869Z,63.074,-151.3407,0,1.4,ml,,,,0.27,ak,ak0247kxmtfu,2024-06-13T03:31:51.448Z,"55 km SSE of Denali National Park, Alaska",earthquake,,0.6,,,automatic,ak,ak
2024-06-13T03:27:58.682Z,60.26,-151.3603,0.1,2.1,ml,,,,1.04,ak,ak0247kxmh5o,2024-06-13T03:30:17.894Z,"3 km NNE of Clam Gulch, Alaska",earthquake,,0.6,,,automatic,ak,ak
2024-06-13T03:19:54.290Z,33.2426667,-116.0436667,4.59,0.78,ml,27,77,0.06116,0.17,ci,ci40795728,2024-06-13T14:42:17.252Z,"10 km SW of Salton City, CA",earthquake,0.2,0.56,0.183,10,reviewed,ci,ci
2024-06-13T03:19:39.090Z,38.81816483,-122.824501,2.339999914,1.06,md,19,63,0.009596,0.02,nc,nc75021602,2024-06-13T03:21:15.494Z,"7 km NW of The Geysers, CA",earthquake,0.26,0.439999998,0.31,21,automatic,nc,nc
2024-06-13T03:15:45.540Z,19.4034996,-155.2796631,0.99000001,1.75,md,16,39,0.009886,0.129999995,hv,hv74274881,2024-06-13T03:17:08.200Z,"6 km SW of Volcano, Hawaii",earthquake,0.2,0.25,0.379999995,10,automatic,hv,hv
2024-06-13T03:13:06.500Z,34.3205,-116.8533333,2.32,1.09,ml,29,77,0.08054,0.17,ci,ci40795720,2024-06-13T13:32:27.294Z,"7 km N of Big Bear City, CA",earthquake,0.21,0.64,0.229,22,reviewed,ci,ci
2024-06-13T03:12:49.171Z,63.5912,-150.8063,8.3,3.5,ml,,,,0.89,ak,ak0247kxj8pd,2024-06-13T13:56:57.469Z,"45 km E of Denali National Park, Alaska",earthquake,,0.2,,,reviewed,ak,ak
2024-06-13T03:12:36.110Z,33.6635,-116.7123333,13.88,0.11,ml,18,80,0.03259,0.05,ci,ci40795712,2024-06-13T14:28:22.733Z,"8 km S of Idyllwild, CA",earthquake,0.17,0.33,0.147,10,reviewed,ci,ci
2024-06-13T03:12:04.317Z,28.999,-97.93,2.9541,1.8,ml,18,76,0,0.3,tx,tx2024lnwv,2024-06-13T12:54:21.128Z,"8 km ENE of Falls City, Texas",earthquake,1.2259508458623707,1.907649839886829,0.1,17,reviewed,tx,tx
2024-06-13T03:07:54.295Z,60.5124,-153.0401,148,1.4,ml,,,,0.7,ak,ak0247kxi6hx,2024-06-13T03:10:12.711Z,"78 km ENE of Port Alsworth, Alaska",earthquake,,0.7,,,automatic,ak,ak
2024-06-13T03:03:49.280Z,38.79966736,-122.8225021,2.460000038,0.64,md,7,101,0.01452,0.02,nc,nc75021597,2024-06-13T03:05:24.992Z,"6 km NW of The Geysers, CA",earthquake,0.92,1.42999995,0.34,9,automatic,nc,nc
2024-06-13T02:57:39.247Z,37.9917,-116.2122,8.3,1.3,ml,8,245.45,0.787,0.1881,nn,nn00879133,2024-06-13T03:00:08.256Z,"56 km NW of Rachel, Nevada",earthquake,,2.7,0.38,4,automatic,nn,nn
2024-06-13T02:32:47.400Z,38.83800125,-122.8389969,0.129999995,0.72,md,8,154,0.01743,0.03,nc,nc75021592,2024-06-13T02:34:25.746Z,"10 km NW of The Geysers, CA",earthquake,0.37,1.09000003,0.13,9,automatic,nc,nc
2024-06-13T02:29:49.855Z,-5.7684,145.9859,67.84,4.6,mb,50,115,3.795,0.59,us,us7000ms22,2024-06-13T02:50:13.040Z,"59 km NNE of Kainantu, Papua New Guinea",earthquake,9.85,6.845,0.087,39,reviewed,us,us
2024-06-13T02:28:03.470Z,34.1356667,-117.0346667,6.6,1.15,ml,53,64,0.06023,0.13,ci,ci40795392,2024-06-13T13:52:01.900Z,"11 km SE of Running Springs, CA",earthquake,0.13,0.28,0.166,35,reviewed,ci,ci
2024-06-13T02:22:51.200Z,36.7779,-116.0027,2.9,-0.1,ml,12,265.63000000000005,0.035,0.0951,nn,nn00879135,2024-06-13T03:11:23.058Z,"37 km NW of Indian Springs, Nevada",earthquake,,1.9,0.09,3,reviewed,nn,nn
2024-06-13T02:18:27.250Z,32.357,-102.08,8.8379,2,ml,34,51,0.1,0.1,tx,tx2024lnvc,2024-06-13T12:37:35.064Z,"37 km NW of Stanton, Texas",earthquake,0.4267879923993346,0.694532841,0.1,30,reviewed,tx,tx
2024-06-13T02:12:08.490Z,35.89866667,-98.38383333,6.49,1.55,ml,83,32,0.048590465,0.4,ok,ok2024lnuw,2024-06-13T12:05:36.074Z,"6 km NNE of Watonga, Oklahoma",earthquake,,0.7,0.22,33,reviewed,ok,ok
2024-06-13T02:05:29.500Z,38.8176651,-122.824501,2.25999999,1.29,md,25,48,0.009514,0.02,nc,nc75021587,2024-06-13T02:07:05.666Z,"7 km NW of The Geysers, CA",earthquake,0.18,0.389999986,0.18,28,automatic,nc,nc
2024-06-13T02:04:40.560Z,38.8176651,-122.8270035,2.049999952,0.57,md,7,153,0.008947,0,nc,nc75021582,2024-06-13T02:06:15.463Z,"8 km NW of The Geysers, CA",earthquake,0.6,0.839999974,0.24,12,automatic,nc,nc
2024-06-13T02:04:13.120Z,38.81933212,-122.8273315,2.369999886,0.79,md,8,204,0.01055,0.01,nc,nc75021577,2024-06-13T02:05:50.438Z,"8 km NW of The Geysers, CA",earthquake,0.59,0.829999983,0.15,10,automatic,nc,nc
2024-06-13T01:54:47.750Z,38.81833267,-122.8278351,2.609999895,0.93,md,6,124,0.007376,0.01,nc,nc75021567,2024-06-13T01:56:25.536Z,"8 km NW of The Geysers, CA",earthquake,1,1.76999998,0.18,6,automatic,nc,nc
2024-06-13T01:53:33.275Z,63.4728,-151.1203,0,1.4,ml,,,,0.79,ak,ak0247kwl4lr,2024-06-13T01:55:53.586Z,"30 km ESE of Denali National Park, Alaska",earthquake,,0.4,,,automatic,ak,ak
2024-06-13T01:28:44.014Z,59.9361,-151.5911,55.3,1.1,ml,,,,0.55,ak,ak0247kwfsj5,2024-06-13T01:30:40.140Z,"7 km E of Happy Valley, Alaska",earthquake,,1.2,,,automatic,ak,ak
2024-06-13T01:17:41.000Z,38.81750107,-122.8246689,2.150000095,1.07,md,23,48,0.009312,0.03,nc,nc75021562,2024-06-13T01:19:19.548Z,"7 km NW of The Geysers, CA",earthquake,0.19,0.379999995,0.12,25,automatic,nc,nc
2024-06-13T01:15:49.630Z,38.8441658,-122.8300018,1.110000014,0.66,md,9,124,0.007026,0.02,nc,nc75021557,2024-06-13T01:19:15.397Z,"10 km WNW of Cobb, CA",earthquake,0.35,0.600000024,0.1,10,automatic,nc,nc
2024-06-13T01:10:00.380Z,33.7133333,-116.8156667,16.56,0.7,ml,23,86,0.08463,0.12,ci,ci40795232,2024-06-13T13:32:45.551Z,"8 km ESE of Valle Vista, CA",earthquake,0.29,0.42,0.188,16,reviewed,ci,ci
2024-06-13T01:05:39.680Z,38.79183197,-122.7231674,2.220000029,1.34,md,12,93,0.01364,0.06,nc,nc75021552,2024-06-13T01:07:15.006Z,"3 km NW of Anderson Springs, CA",earthquake,0.44,1.46000004,0.19,14,automatic,nc,nc
2024-06-13T01:04:38.860Z,38.82183456,-122.8521652,2.289999962,0.76,md,12,105,0.006785,0.02,nc,nc75021547,2024-06-13T01:06:15.319Z,"10 km NW of The Geysers, CA",earthquake,0.3,0.819999993,0.21,14,automatic,nc,nc
2024-06-13T00:59:26.250Z,33.2491667,-116.2738333,9.52,0.83,ml,39,35,0.05873,0.18,ci,ci40795080,2024-06-13T13:33:23.592Z,"9 km E of Borrego Springs, CA",earthquake,0.19,0.45,0.137,19,reviewed,ci,ci
2024-06-13T00:54:43.940Z,19.37800026,-155.2144928,1.950000048,2.12,ml,30,105,0.0043,0.180000007,hv,hv74274751,2024-06-13T00:57:23.170Z,"7 km SSE of Volcano, Hawaii",earthquake,0.35,0.239999995,0.28,16,automatic,hv,hv
2024-06-13T00:54:09.950Z,38.79066849,-122.7294998,0.479999989,1.3,md,21,92,0.009325,0.06,nc,nc75021542,2024-06-13T00:55:45.387Z,"3 km ENE of The Geysers, CA",earthquake,0.25,0.5,0.13,22,automatic,nc,nc
2024-06-13T00:29:48.780Z,19.4545002,-155.1753387,0.670000017,1.70000005,md,6,274,0.09925,0.079999998,hv,hv74274701,2024-06-13T00:31:34.810Z,"4 km WSW of Fern Forest, Hawaii",earthquake,3.22,1.90999997,0.140000001,5,automatic,hv,hv
2024-06-13T00:24:04.269Z,-30.8474,-71.7302,23.823,4.1,mb,27,194,0.72,0.83,us,us7000ms1m,2024-06-13T00:42:57.040Z,"57 km WSW of Ovalle, Chile",earthquake,3.82,7.614,0.261,4,reviewed,us,us
2024-06-13T00:19:03.163Z,59.8644,-153.1796,121.9,1.8,ml,,,,0.25,ak,ak0247kvscbw,2024-06-13T00:21:04.295Z,"52 km E of Pedro Bay, Alaska",earthquake,,0.4,,,automatic,ak,ak
2024-06-13T00:14:12.155Z,65.8571,-151.7157,15.6,1,ml,,,,1.01,ak,ak0247kvrahb,2024-06-13T00:17:25.555Z,"78 km NNE of Tanana, Alaska",earthquake,,0.4,,,automatic,ak,ak
2024-06-13T00:10:00.260Z,47.212,-123.7375,10.62,1.26,ml,19,116,0.0596,0.29,uw,uw62006617,2024-06-13T13:15:59.410Z,"16 km N of Aberdeen Gardens, Washington",earthquake,0.67,1.23,0.084843485,13,reviewed,uw,uw
2024-06-13T00:09:14.650Z,18.22616667,-66.90333333,20.55,2.77,md,22,93,0.08529,0.23,pr,pr71452458,2024-06-13T01:55:48.737Z,"8 km SSW of Lares, Puerto Rico",earthquake,0.43,1.03,0.101429763,12,reviewed,pr,pr
2024-06-13T00:03:32.030Z,38.10283279,-122.8785019,12.80000019,1.51,md,9,120,0.0419,0.05,nc,nc75021527,2024-06-13T00:05:09.807Z,"2 km WNW of Inverness, CA",earthquake,0.75,1.13,0.28,8,automatic,nc,nc
,,,,,,,,,,,,,,,,,,,,,
,,,,,,,,,,,,,,,,,,,,,
,,,,,,,,,,,,,,,,,,,,,
,,,,,,,,,,,,,,,,,,,,,
,,,,,,,,,,,,,,,,,,,,,
,,,,,,,,,,,,,,,,,,,,,
,,,,,,,,,,,,,,,,,,,,,
,,,,,,,,,,,,,,,,,,,,,
,,,,,,,,,,,,,,,,,,,,,
,,,,,,,,,,,,,,,,,,,,,
,,,,,,,,,,,,,,,,,,,,,
,,,,,,,,,,,,,,,,,,,,,
,,,,,,,,,,,,,,,,,,,,,
,,,,,,,,,,,,,,,,,,,,,
,,,,,,,,,,,,,,,,,,,,,
,,,,,,,,,,,,,,,,,,,,,
,,,,,,,,,,,,,,,,,,,,,
,,,,,,,,,,,,,,,,,,,,,
,,,,,,,,,,,,,,,,,,,,,
,,,,,,,,,,,,,,,,,,,,,
,,,,,,,,,,,,,,,,,,,,,
,,,,,,,,,,,,,,,,,,,,,
,,,,,,,,,,,,,,,,,,,,,
,,,,,,,,,,,,,,,,,,,,,
,,,,,,,,,,,,,,,,,,,,,
,,,,,,,,,,,,,,,,,,,,,
,,,,,,,,,,,,,,,,,,,,,
,,,,,,,,,,,,,,,,,,,,,
,,,,,,,,,,,,,,,,,,,,,
,,,,,,,,,,,,,,,,,,,,,
,,,,,,,,,,,,,,,,,,,,,
,,,,,,,,,,,,,,,,,,,,,
,,,,,,,,,,,,,,,,,,,,,
,,,,,,,,,,,,,,,,,,,,,
,,,,,,,,,,,,,,,,,,,,,
,,,,,,,,,,,,,,,,,,,,,
,,,,,,,,,,,,,,,,,,,,,
,,,,,,,,,,,,,,,,,,,,,
,,,,,,,,,,,,,,,,,,,,,
,,,,,,,,,,,,,,,,,,,,,
,,,,,,,,,,,,,,,,,,,,,
,,,,,,,,,,,,,,,,,,,,,
,,,,,,,,,,,,,,,,,,,,,
,,,,,,,,,,,,,,,,,,,,,
,,,,,,,,,,,,,,,,,,,,,
,,,,,,,,,,,,,,,,,,,,,
,,,,,,,,,,,,,,,,,,,,,
,,,,,,,,,,,,,,,,,,,,,
,,,,,,,,,,,,,,,,,,,,,
,,,,,,,,,,,,,,,,,,,,,
,,,,,,,,,,,,,,,,,,,,,
,,,,,,,,,,,,,,,,,,,,,
,,,,,,,,,,,,,,,,,,,,,
,,,,,,,,,,,,,,,,,,,,,
,,,,,,,,,,,,,,,,,,,,,
,,,,,,,,,,,,,,,,,,,,,
,,,,,,,,,,,,,,,,,,,,,
,,,,,,,,,,,,,,,,,,,,,
,,,,,,,,,,,,,,,,,,,,,
,,,,,,,,,,,,,,,,,,,,,
,,,,,,,,,,,,,,,,,,,,,
,,,,,,,,,,,,,,,,,,,,,
,,,,,,,,,,,,,,,,,,,,,
,,,,,,,,,,,,,,,,,,,,,
,,,,,,,,,,,,,,,,,,,,,
,,,,,,,,,,,,,,,,,,,,,
,,,,,,,,,,,,,,,,,,,,,
,,,,,,,,,,,,,,,,,,,,,
,,,,,,,,,,,,,,,,,,,,,
,,,,,,,,,,,,,,,,,,,,,
,,,,,,,,,,,,,,,,,,,,,
,,,,,,,,,,,,,,,,,,,,,
,,,,,,,,,,,,,,,,,,,,,
,,,,,,,,,,,,,,,,,,,,,
,,,,,,,,,,,,,,,,,,,,,
,,,,,,,,,,,,,,,,,,,,,
,,,,,,,,,,,,,,,,,,,,,
,,,,,,,,,,,,,,,,,,,,,
